chain,residue,resn,resc,resC,resCi,resi,x,y,z,area
A,ALA191,ALA,A,A,A191,191,2.236,9.528,22.777,254.975
A,ARG188,ARG,R,R,R188,188,2.315,1.437,22.104,658.123
A,ASN142,ASN,N,N,N142,142,3.001,-2.203,6.562,962.761
A,ASP187,ASP,D,D,D187,187,5.325,-1.849,22.378,463.247
A,CYS145,CYS,C,C,C145,145,7.887,-5.423,11.233,1586.275
A,CYS44,CYS,C,C,C44,44,-0.539,-6.352,20.577,7.893
A,GLN189,GLN,Q,Q,Q189,189,-1.022,3.353,18.746,1703.31
A,GLN192,GLN,Q,Q,Q192,192,6.001,7.784,22.442,611.219
A,GLU166,GLU,E,E,E166,166,6.897,5.213,11.938,1866.805
A,GLY143,GLY,G,G,G143,143,5.537,-5.351,7.039,509.669
A,HIS163,HIS,H,H,H163,163,10.365,-0.616,11.546,283.498
A,HIS164,HIS,H,H,H164,164,8.048,-1.646,15.255,788.235
A,HIS172,HIS,H,H,H172,172,10.528,4.154,9.806,28.237
A,HIS41,HIS,H,H,H41,41,3.954,-5.246,17.298,1624.922
A,HOH516,HOH,X,HOH,HOH516,516,6.53,-5.049,19.755,17.361
A,HOH544,HOH,X,HOH,HOH544,544,-3.528,0.451,14.669,24.965
A,LEU141,LEU,L,L,L141,141,6.494,-0.337,5.452,514.857
A,LEU167,LEU,L,L,L167,167,8.402,7.701,15.817,594.778
A,LEU27,LEU,L,L,L27,27,5.159,-9.26,11.765,228.5
A,MET165,MET,M,M,M165,165,7.821,1.875,16.328,1732.252
A,MET49,MET,M,M,M49,49,-1.73,-1.541,18.912,821.161
A,PHE140,PHE,F,F,F140,140,9.672,1.087,6.901,202.423
A,PRO168,PRO,P,P,P168,168,5.77,11.128,14.658,237.81
A,PRO52,PRO,P,P,P52,52,-0.037,-2.876,23.851,8.192
A,SER144,SER,S,S,S144,144,8.703,-3.968,7.972,425.708
A,THR190,THR,T,T,T190,190,1.289,6.193,22.593,468.602
A,THR25,THR,T,T,T25,25,0.532,-8.377,12.742,26.008
A,THR26,THR,T,T,T26,26,2.899,-9.493,9.256,64.103
A,TYR54,TYR,Y,Y,Y54,54,2.612,-4.672,22.474,67.819
A,VAL186,VAL,V,V,V186,186,6.424,1.477,22.766,40.137
B,U5G401,U5G,X,U5G,U5G401,401,3.012,5.196,16.482,328.004
B,U5G401,U5G,X,U5G,U5G401,401,3.92,6.133,16.853,344.35
B,U5G401,U5G,X,U5G,U5G401,401,1.944,4.983,17.069,378.38
B,U5G401,U5G,X,U5G,U5G401,401,3.91,6.904,18.121,553.808
B,U5G401,U5G,X,U5G,U5G401,401,3.997,5.947,19.303,774.244
B,U5G401,U5G,X,U5G,U5G401,401,5.114,7.832,18.125,710.481
B,U5G401,U5G,X,U5G,U5G401,401,2.628,7.72,18.204,420.233
B,U5G401,U5G,X,U5G,U5G401,401,3.399,4.511,15.378,320.29
B,U5G401,U5G,X,U5G,U5G401,401,2.549,3.451,14.871,284.732
B,U5G401,U5G,X,U5G,U5G401,401,1.93,3.801,13.487,151.423
B,U5G401,U5G,X,U5G,U5G401,401,1.102,2.619,12.978,99.022
B,U5G401,U5G,X,U5G,U5G401,401,3.017,4.123,12.461,266.858
B,U5G401,U5G,X,U5G,U5G401,401,1.02,5.021,13.632,116.667
B,U5G401,U5G,X,U5G,U5G401,401,3.375,2.154,14.882,352.623
B,U5G401,U5G,X,U5G,U5G401,401,4.495,2.146,14.4,487.402
B,U5G401,U5G,X,U5G,U5G401,401,2.839,1.05,15.425,206.963
B,U5G401,U5G,X,U5G,U5G401,401,1.575,0.899,16.155,391.133
B,U5G401,U5G,X,U5G,U5G401,401,3.571,-0.208,15.309,409.802
B,U5G401,U5G,X,U5G,U5G401,401,2.979,-1.087,16.431,437.22
B,U5G401,U5G,X,U5G,U5G401,401,1.712,-0.411,16.918,534.429
B,U5G401,U5G,X,U5G,U5G401,401,2.865,-0.629,17.868,685.369
B,U5G401,U5G,X,U5G,U5G401,401,3.669,0.58,18.361,692.032
B,U5G401,U5G,X,U5G,U5G401,401,2.742,-1.738,18.913,879.471
B,U5G401,U5G,X,U5G,U5G401,401,3.326,-0.842,13.932,316.465
B,U5G401,U5G,X,U5G,U5G401,401,2.195,-0.931,13.469,128.507
B,U5G401,U5G,X,U5G,U5G401,401,4.42,-1.285,13.301,376.949
B,U5G401,U5G,X,U5G,U5G401,401,4.403,-1.916,11.988,406.752
B,U5G401,U5G,X,U5G,U5G401,401,5.398,-1.194,11.077,622.235
B,U5G401,U5G,X,U5G,U5G401,401,5.219,0.317,10.974,464.162
B,U5G401,U5G,X,U5G,U5G401,401,3.979,0.836,10.229,283.03
B,U5G401,U5G,X,U5G,U5G401,401,6.161,1.065,10.012,715.945
B,U5G401,U5G,X,U5G,U5G401,401,4.929,1.334,9.082,549.301
B,U5G401,U5G,X,U5G,U5G401,401,4.058,-3.841,13.253,457.629
B,U5G401,U5G,X,U5G,U5G401,401,4.799,-3.401,12.135,583.519
B,U5G401,U5G,X,U5G,U5G401,401,4.968,-4.037,9.849,850.753
B,U5G401,U5G,X,U5G,U5G401,401,4.36,-4.187,10.915,723.023
B,U5G401,U5G,X,U5G,U5G401,401,3.378,-5.058,11.071,520.643
